{
 "actions": [],
 "allow_rename": 1,
 "creation": "2025-08-29 11:57:52.931263",
 "doctype": "DocType",
 "engine": "InnoDB",
 "field_order": [
  "stone_name",
  "stone_code",
  "range",
  "machining_required",
  "roopkam_required",
  "nakashikam_required",
  "polishing_required",
  "dry_fitting",
  "packing",
  "chemical",
  "column_break_uagd",
  "l1",
  "l2",
  "b1",
  "b2",
  "h1",
  "h2",
  "volume"
 ],
 "fields": [
  {
   "fieldname": "stone_name",
   "fieldtype": "Select",
   "label": "Stone Name",
   "options": "\nPillar\nTheko\nPillar\nBharani\nRekha\nLayer 1\nRekha\nBeam AJ"
  },
  {
   "fieldname": "volume",
   "fieldtype": "Float",
   "in_list_view": 1,
   "label": "Volume (CFT)"
  },
  {
   "default": "0",
   "fieldname": "machining_required",
   "fieldtype": "Check",
   "in_list_view": 1,
   "label": "Machining Required"
  },
  {
   "default": "0",
   "fieldname": "nakashikam_required",
   "fieldtype": "Check",
   "in_list_view": 1,
   "label": "Nakashikam Required"
  },
  {
   "default": "0",
   "fieldname": "roopkam_required",
   "fieldtype": "Check",
   "in_list_view": 1,
   "label": "Roopkam Required"
  },
  {
   "default": "0",
   "fieldname": "polishing_required",
   "fieldtype": "Check",
   "in_list_view": 1,
   "label": "Polishing Required"
  },
  {
   "fieldname": "l1",
   "fieldtype": "Int",
   "in_list_view": 1,
   "label": "L1",
   "non_negative": 1
  },
  {
   "fieldname": "l2",
   "fieldtype": "Float",
   "in_list_view": 1,
   "label": "L2",
   "non_negative": 1,
   "precision": "2"
  },
  {
   "fieldname": "b1",
   "fieldtype": "Int",
   "in_list_view": 1,
   "label": "B1",
   "non_negative": 1
  },
  {
   "fieldname": "b2",
   "fieldtype": "Float",
   "in_list_view": 1,
   "label": "B2",
   "non_negative": 1,
   "precision": "2"
  },
  {
   "fieldname": "h1",
   "fieldtype": "Int",
   "in_list_view": 1,
   "label": "H1",
   "non_negative": 1
  },
  {
   "fieldname": "h2",
   "fieldtype": "Float",
   "in_list_view": 1,
   "label": "H2",
   "non_negative": 1,
   "precision": "2"
  },
  {
   "default": "0",
   "fieldname": "packing",
   "fieldtype": "Check",
   "label": "Packing Required"
  },
  {
   "default": "0",
   "fieldname": "chemical",
   "fieldtype": "Check",
   "label": "Chemical Required"
  },
  {
   "fieldname": "stone_code",
   "fieldtype": "Data",
   "label": "Stone Code "
  },
  {
   "fieldname": "range",
   "fieldtype": "Data",
   "label": "Range"
  },
  {
   "fieldname": "column_break_uagd",
   "fieldtype": "Column Break"
  },
  {
   "default": "0",
   "fieldname": "dry_fitting",
   "fieldtype": "Check",
   "in_list_view": 1,
   "label": "Dry Fitting Required"
  }
 ],
 "grid_page_length": 50,
 "index_web_pages_for_search": 1,
 "istable": 1,
 "links": [],
 "modified": "2025-09-16 16:33:46.074579",
 "modified_by": "Administrator",
 "module": "Baps",
 "name": "Size List Details",
 "owner": "Administrator",
 "permissions": [],
 "row_format": "Dynamic",
 "sort_field": "modified",
 "sort_order": "DESC",
 "states": []
}