{
 "actions": [],
 "allow_rename": 1,
 "creation": "2025-09-01 06:50:48.892284",
 "doctype": "DocType",
 "engine": "InnoDB",
 "field_order": [
  "block_number",
  "block_custom_code",
  "color",
  "grain",
  "column_break_jeul",
  "l1",
  "l2",
  "b1",
  "b2",
  "h1",
  "h2",
  "volume",
  "weightoptional"
 ],
 "fields": [
  {
   "fieldname": "block_number",
   "fieldtype": "Data",
   "in_list_view": 1,
   "label": "Block Number"
  },
  {
   "fieldname": "block_custom_code",
   "fieldtype": "Data",
   "in_list_view": 1,
   "label": "Block Custom Code"
  },
  {
   "fieldname": "color",
   "fieldtype": "Link",
   "in_list_view": 1,
   "label": "Colour",
   "options": "Block Color"
  },
  {
   "fieldname": "grain",
   "fieldtype": "Link",
   "in_list_view": 1,
   "label": "Grain",
   "options": "Block Grain"
  },
  {
   "fieldname": "l1",
   "fieldtype": "Int",
   "in_list_view": 1,
   "label": "L1"
  },
  {
   "fieldname": "l2",
   "fieldtype": "Float",
   "in_list_view": 1,
   "label": "L2",
   "precision": "2"
  },
  {
   "fieldname": "h1",
   "fieldtype": "Int",
   "in_list_view": 1,
   "label": "H1"
  },
  {
   "fieldname": "h2",
   "fieldtype": "Float",
   "in_list_view": 1,
   "label": "H2",
   "precision": "2"
  },
  {
   "fieldname": "b1",
   "fieldtype": "Int",
   "in_list_view": 1,
   "label": "B1"
  },
  {
   "fieldname": "b2",
   "fieldtype": "Float",
   "in_list_view": 1,
   "label": "B2",
   "precision": "2"
  },
  {
   "fieldname": "volume",
   "fieldtype": "Float",
   "in_list_view": 1,
   "label": "Volume"
  },
  {
   "fieldname": "weightoptional",
   "fieldtype": "Float",
   "in_list_view": 1,
   "label": "Wt"
  },
  {
   "fieldname": "column_break_jeul",
   "fieldtype": "Column Break"
  }
 ],
 "grid_page_length": 50,
 "index_web_pages_for_search": 1,
 "istable": 1,
 "links": [],
 "modified": "2025-09-15 14:27:39.669047",
 "modified_by": "Administrator",
 "module": "Baps",
 "name": "Block Selection Detail",
 "owner": "Administrator",
 "permissions": [],
 "row_format": "Dynamic",
 "sort_field": "modified",
 "sort_order": "DESC",
 "states": []
}