{
 "actions": [],
 "allow_rename": 1,
 "creation": "2025-09-03 14:52:20.610956",
 "doctype": "DocType",
 "engine": "InnoDB",
 "field_order": [
  "project",
  "column_break_gppf",
  "material_type",
  "column_break_rucj",
  "material_number"
 ],
 "fields": [
  {
   "fieldname": "project",
   "fieldtype": "Link",
   "in_list_view": 1,
   "label": "Project",
   "options": "Baps Project"
  },
  {
   "fieldname": "column_break_gppf",
   "fieldtype": "Column Break"
  },
  {
   "fieldname": "material_type",
   "fieldtype": "Select",
   "in_list_view": 1,
   "label": "Material Type",
   "options": "\nBlock\nStone\nBox"
  },
  {
   "fieldname": "column_break_rucj",
   "fieldtype": "Column Break"
  },
  {
   "fieldname": "material_number",
   "fieldtype": "Data",
   "in_list_view": 1,
   "label": "Material Number"
  }
 ],
 "grid_page_length": 50,
 "index_web_pages_for_search": 1,
 "istable": 1,
 "links": [],
 "modified": "2025-09-09 14:41:29.003900",
 "modified_by": "Administrator",
 "module": "Baps",
 "name": "Transport Material Table",
 "owner": "Administrator",
 "permissions": [],
 "row_format": "Dynamic",
 "sort_field": "modified",
 "sort_order": "DESC",
 "states": []
}