{
 "actions": [],
 "allow_rename": 1,
 "autoname": "processes",
 "creation": "2025-09-15 23:20:57.321032",
 "doctype": "DocType",
 "engine": "InnoDB",
 "field_order": [
  "processes",
  "sub_process",
  "completed"
 ],
 "fields": [
  {
   "fieldname": "processes",
   "fieldtype": "Link",
   "in_list_view": 1,
   "label": "Processes",
   "options": "Process Master"
  },
  {
   "fieldname": "sub_process",
   "fieldtype": "Link",
   "in_list_view": 1,
   "label": "Sub Process",
   "options": "Process Sub"
  },
  {
   "default": "0",
   "fieldname": "completed",
   "fieldtype": "Check",
   "label": "Completed"
  }
 ],
 "grid_page_length": 50,
 "index_web_pages_for_search": 1,
 "istable": 1,
 "links": [],
 "modified": "2025-09-16 10:20:09.614959",
 "modified_by": "Administrator",
 "module": "Baps",
 "name": "Project Process Detail",
 "naming_rule": "Expression (old style)",
 "owner": "Administrator",
 "permissions": [],
 "row_format": "Dynamic",
 "sort_field": "modified",
 "sort_order": "DESC",
 "states": []
}