{
 "actions": [],
 "allow_rename": 1,
 "creation": "2025-09-02 12:09:16.334010",
 "doctype": "DocType",
 "editable_grid": 1,
 "engine": "InnoDB",
 "field_order": [
  "vehicle_number",
  "driver_name",
  "challan_no",
  "block_count",
  "total_volume",
  "total_weight",
  "unit",
  "price_per_unit",
  "total_amount"
 ],
 "fields": [
  {
   "fieldname": "vehicle_number",
   "fieldtype": "Data",
   "in_list_view": 1,
   "label": "Vehicle Number"
  },
  {
   "fieldname": "driver_name",
   "fieldtype": "Data",
   "in_list_view": 1,
   "label": "Driver Name"
  },
  {
   "fieldname": "challan_no",
   "fieldtype": "Data",
   "label": "Challan No"
  },
  {
   "fieldname": "block_count",
   "fieldtype": "Int",
   "in_list_view": 1,
   "label": "Block Count"
  },
  {
   "fieldname": "total_volume",
   "fieldtype": "Float",
   "in_list_view": 1,
   "label": "Total Volume"
  },
  {
   "fieldname": "total_weight",
   "fieldtype": "Float",
   "label": "Total Weight"
  },
  {
   "fieldname": "unit",
   "fieldtype": "Data",
   "label": "Unit"
  },
  {
   "fieldname": "price_per_unit",
   "fieldtype": "Currency",
   "label": "Price/Unit"
  },
  {
   "fieldname": "total_amount",
   "fieldtype": "Currency",
   "label": "Total Amount"
  }
 ],
 "grid_page_length": 50,
 "index_web_pages_for_search": 1,
 "istable": 1,
 "links": [],
 "modified": "2025-09-03 17:12:52.906045",
 "modified_by": "Administrator",
 "module": "Baps",
 "name": "Truck Procurement Items",
 "owner": "admin@gmail.com",
 "permissions": [],
 "row_format": "Dynamic",
 "sort_field": "modified",
 "sort_order": "DESC",
 "states": []
}