{
 "actions": [],
 "allow_rename": 1,
 "creation": "2025-09-02 11:52:29.877829",
 "doctype": "DocType",
 "editable_grid": 1,
 "engine": "InnoDB",
 "field_order": [
  "block_number",
  "volume",
  "weight",
  "unit_price",
  "total_amount"
 ],
 "fields": [
  {
   "fieldname": "block_number",
   "fieldtype": "Data",
   "in_list_view": 1,
   "label": "Block Number"
  },
  {
   "fieldname": "volume",
   "fieldtype": "Float",
   "in_list_view": 1,
   "label": "Volume"
  },
  {
   "fieldname": "weight",
   "fieldtype": "Float",
   "in_list_view": 1,
   "label": "Weight"
  },
  {
   "fieldname": "unit_price",
   "fieldtype": "Currency",
   "label": "Unit Price"
  },
  {
   "fieldname": "total_amount",
   "fieldtype": "Currency",
   "in_list_view": 1,
   "label": "Total Amount"
  }
 ],
 "grid_page_length": 50,
 "index_web_pages_for_search": 1,
 "istable": 1,
 "links": [],
 "modified": "2025-09-03 17:12:19.078143",
 "modified_by": "Administrator",
 "module": "Baps",
 "name": "Block Procurement Items",
 "owner": "admin@gmail.com",
 "permissions": [],
 "row_format": "Dynamic",
 "sort_field": "modified",
 "sort_order": "DESC",
 "states": []
}