{
 "actions": [],
 "allow_rename": 1,
 "creation": "2025-08-29 12:44:54.823945",
 "doctype": "DocType",
 "editable_grid": 1,
 "engine": "InnoDB",
 "field_order": [
  "block_number",
  "volume",
  "size_list_reference"
 ],
 "fields": [
  {
   "fieldname": "block_number",
   "fieldtype": "Data",
   "in_list_view": 1,
   "label": "Block Number"
  },
  {
   "fieldname": "volume",
   "fieldtype": "Float",
   "in_list_view": 1,
   "label": "Volume"
  },
  {
   "fieldname": "size_list_reference",
   "fieldtype": "Link",
   "in_list_view": 1,
   "label": "Size List",
   "options": "Size List"
  }
 ],
 "grid_page_length": 50,
 "index_web_pages_for_search": 1,
 "istable": 1,
 "links": [],
 "modified": "2025-09-16 13:46:39.581097",
 "modified_by": "Administrator",
 "module": "Baps",
 "name": "Transport Block List",
 "owner": "Administrator",
 "permissions": [],
 "row_format": "Dynamic",
 "sort_field": "modified",
 "sort_order": "DESC",
 "states": []
}