{
 "actions": [],
 "allow_rename": 1,
 "creation": "2025-09-03 17:23:37.662152",
 "doctype": "DocType",
 "editable_grid": 1,
 "engine": "InnoDB",
 "field_order": [
  "trial_number",
  "block_volume",
  "stone_volume",
  "wastage",
  "final_selected_plan"
 ],
 "fields": [
  {
   "fieldname": "trial_number",
   "fieldtype": "Data",
   "in_list_view": 1,
   "label": "Trial Number"
  },
  {
   "fieldname": "block_volume",
   "fieldtype": "Float",
   "in_list_view": 1,
   "label": "Block Volume"
  },
  {
   "fieldname": "stone_volume",
   "fieldtype": "Float",
   "in_list_view": 1,
   "label": "Stone Volume"
  },
  {
   "fieldname": "wastage",
   "fieldtype": "Percent",
   "in_list_view": 1,
   "label": "% Wastage"
  },
  {
   "default": "0",
   "fieldname": "final_selected_plan",
   "fieldtype": "Check",
   "in_list_view": 1,
   "label": "Final Selected Plan"
  }
 ],
 "grid_page_length": 50,
 "index_web_pages_for_search": 1,
 "istable": 1,
 "links": [],
 "modified": "2025-09-05 11:48:20.892924",
 "modified_by": "Administrator",
 "module": "Baps",
 "name": "Cutting Plan Final",
 "owner": "Administrator",
 "permissions": [],
 "row_format": "Dynamic",
 "sort_field": "modified",
 "sort_order": "DESC",
 "states": []
}