{
 "actions": [],
 "allow_rename": 1,
 "creation": "2025-09-01 17:39:08.033354",
 "doctype": "DocType",
 "editable_grid": 1,
 "engine": "InnoDB",
 "field_order": [
  "qc_questionbank",
  "question",
  "qc_type",
  "yes",
  "no"
 ],
 "fields": [
  {
   "fieldname": "qc_questionbank",
   "fieldtype": "Link",
   "in_list_view": 1,
   "label": "QC QuestionBank",
   "options": "QC QuestionBank"
  },
  {
   "fetch_from": "qc_questionbank.questions",
   "fieldname": "question",
   "fieldtype": "Data",
   "in_list_view": 1,
   "label": "Question"
  },
  {
   "fetch_from": "qc_questionbank.qc_type",
   "fieldname": "qc_type",
   "fieldtype": "Link",
   "in_list_view": 1,
   "label": "Qc Type",
   "options": "Qc Type"
  },
  {
   "default": "0",
   "fieldname": "yes",
   "fieldtype": "Check",
   "in_list_view": 1,
   "label": "Yes"
  },
  {
   "default": "0",
   "fieldname": "no",
   "fieldtype": "Check",
   "in_list_view": 1,
   "label": "No"
  }
 ],
 "grid_page_length": 50,
 "index_web_pages_for_search": 1,
 "istable": 1,
 "links": [],
 "modified": "2025-09-01 21:34:09.922671",
 "modified_by": "Administrator",
 "module": "Baps",
 "name": "Qc Questions",
 "owner": "admin@gmail.com",
 "permissions": [],
 "row_format": "Dynamic",
 "sort_field": "modified",
 "sort_order": "DESC",
 "states": []
}